Feature,Importance
Current Ratio,0.06680030437207164
Return on Assets (ROA),0.060538790245078807
Diluted Normalised EPS,0.05370534084442155
