Feature,Importance
Diluted Normalised EPS,0.05370534084442155
Return on Assets (ROA),0.060538790245078807
Current Ratio,0.06680030437207164


