GHG Emissions (Scope 1) (tCO2e),GHG Emissions (Scope 2) (tCO2e),GHG Emissions (Scope 3) (tCO2e),Total Water Consumption (ML),Total Waste Generated (t),New Hires and Turnover by Gender (Female %),Current Employees by Age Groups (Millennials %),Total Turnover (%),Total Number of Employees,High-consequence injuries,Recordable injuries,Anti-Corruption Training for Employees (%),Cluster
331.5542556414805,624.9125104431168,1068.360822049091,764.9080212366234,61.69089930142857,26.90113058464935,51.215970044181816,12.746878927210389,585.6753246753246,2.0883116883116886,5.363636363636363,74.96527510927272,0
307.5207943939294,651.7460840717647,1232.6420010032941,331.8367938964706,59.971585384564705,31.556507677811766,46.52358531169412,12.265102705541176,535.9529411764706,1.0729411764705885,5.847058823529411,77.6841965332,1
186.8889649946364,406.07134186727274,984.7273850875,537.0598277506818,43.81621707286364,31.081133686318182,53.0018317135,12.610554720518182,502.83181818181816,1.3272727272727274,4.061363636363636,71.83902444625,2
