Feature,Importance
Asset Turnover,0.21832300543312672
Diluted Normalised EPS Growth (%),0.19708246750874223
Quick Ratio,0.1374596512328782
