Year,Asset Turnover,Current Ratio,Diluted Normalised EPS,Diluted Normalised EPS Growth (%),Net Profit Margin,Operating Margin,Quick Ratio,Return on Assets (ROA),Return on Equity (ROE)
2020,0.6227166666666667,2.9189999999999996,0.12533333333333332,-29.891055555555557,0.09820000000000001,0.13493333333333332,2.588466666666667,-0.03428333333333334,-0.11338333333333332
2021,0.6749333333333334,2.264933333333333,0.13533333333333336,-41.19888888888889,-0.6272666666666666,-0.5416000000000001,1.9747999999999999,0.00020000000000000017,-0.015066666666666671
2022,0.6052666666666667,3.3604,0.13533333333333336,-14.366000000000001,-0.24126666666666666,-0.17740000000000003,3.0274666666666668,-0.0060666666666666655,-0.05240000000000001
2023,0.6406,3.3828,0.16266666666666665,-70.252,-1.2760666666666665,-1.2155999999999998,2.892933333333333,-0.08013333333333333,-0.19953333333333337
2024,0.5700666666666667,3.385866666666667,0.07266666666666667,6.25266666666667,-0.4982,-0.40346666666666664,2.9138666666666664,-0.05113333333333333,-0.18653333333333333
