Year,Asset Turnover,Current Ratio,Diluted Normalised EPS,Diluted Normalised EPS Growth (%),Net Profit Margin,Operating Margin,Quick Ratio,Return on Assets (ROA),Return on Equity (ROE)
2020,0.57775,2.014666666666667,0.44,-54.555,0.17733333333333334,0.23233333333333336,1.5346666666666666,-0.021666666666666667,-0.17358333333333334
2021,0.5393333333333333,2.880333333333333,0.3766666666666667,-129.77,-0.6476666666666666,-0.393,2.3956666666666666,-0.024000000000000004,-0.15266666666666667
2022,0.5426666666666667,2.6646666666666667,0.3866666666666667,-1.01,-0.36833333333333335,-0.2743333333333334,2.1123333333333334,-0.08600000000000001,-0.4283333333333334
2023,0.635,3.188333333333333,0.4466666666666667,-26.143333333333334,-0.03933333333333334,-0.02333333333333333,2.3926666666666665,-0.0076666666666666645,-0.163
2024,0.594,3.6300000000000003,0.31333333333333335,-61.296666666666674,0.042,0.066,2.8520000000000003,0.031,0.049666666666666665
