Year,Asset Turnover,Current Ratio,Diluted Normalised EPS,Diluted Normalised EPS Growth (%),Net Profit Margin,Operating Margin,Quick Ratio,Return on Assets (ROA),Return on Equity (ROE)
2020,0.9084999999999999,2.866,0.02,18.055,0.274,0.334,2.866,0.35075,0.5165000000000001
2021,1.186,1.705,0.02,25.2,0.387,0.482,1.705,0.459,0.861
2022,0.893,6.703,0.02,29.45,0.426,0.524,6.703,0.38,0.534
2023,0.827,5.774,0.03,35.63,0.402,0.506,5.774,0.333,0.398
2024,0.728,7.123,0.03,-18.06,0.317,0.393,7.123,0.231,0.273
