Year,Asset Turnover,Current Ratio,Diluted Normalised EPS,Diluted Normalised EPS Growth (%),Net Profit Margin,Operating Margin,Quick Ratio,Return on Assets (ROA),Return on Equity (ROE)
2020,0.7101666666666667,1.0923333333333334,0.07666666666666666,-11.78666666666667,0.051,0.08266666666666667,0.8616666666666667,0.0165,0.075
2021,0.7456666666666667,1.1433333333333333,0.08,61.199999999999996,0.05266666666666667,0.06,0.916,0.04133333333333333,0.12
2022,0.6956666666666665,1.2173333333333334,0.09999999999999999,25.060000000000002,0.08166666666666667,0.07366666666666667,0.8986666666666666,0.04633333333333334,0.133
2023,0.7056666666666667,1.0270000000000001,0.09000000000000001,-119.48,0.03233333333333333,0.050333333333333334,0.731,-0.012666666666666668,0.017666666666666664
2024,0.6936666666666668,1.1376666666666668,0.09666666666666666,-13.926666666666668,0.013666666666666669,0.015000000000000001,0.9166666666666666,-0.009000000000000001,0.029333333333333333
